{"$schema":"http://schema.management.azure.com/schemas/2015-01-01/deploymentTemplate.json#","contentVersion":"1.0.0.0","parameters":{"factoryName":{"type":"string","metadata":"Data Factory name"},"ls_asaw900_mi":{"type":"string"},"ls_adls900":{"type":"string"},"ls_Oracle_source":{"type":"string"}},"variables":{"factoryId":"[concat('Microsoft.DataFactory/factories/', parameters('factoryName'))]"},"resources":[{"name":"[concat(parameters('factoryName'), '/pl_create_table_any_database')]","type":"Microsoft.DataFactory/factories/pipelines","apiVersion":"2018-06-01","properties":{"activities":[{"name":"Lookup1","type":"Lookup","dependsOn":[],"policy":{"timeout":"7.00:00:00","retry":0,"retryIntervalInSeconds":30,"secureOutput":false,"secureInput":false},"userProperties":[],"typeProperties":{"source":{"type":"SqlDWSource","sqlReaderQuery":{"value":"@concat('select * from ',pipeline().parameters.ctbl_schema,'.',pipeline().parameters.ctbl_name, ' where start_run=''Y'' and load_type =''history'' and flow_sequence=1 and table_created <>''Y''')","type":"Expression"},"queryTimeout":"02:00:00","partitionOption":"None"},"dataset":{"referenceName":"ds_synapse_any_table","type":"DatasetReference","parameters":{"ds_schema":"dbo","ds_tablename":"tablename"}}}},{"name":"ForEach1","type":"ForEach","dependsOn":[{"activity":"Lookup1","dependencyConditions":["Succeeded"]}],"userProperties":[],"typeProperties":{"items":{"value":"@activity('Lookup1').output.value","type":"Expression"},"batchCount":5,"activities":[{"name":"Switch1","type":"Switch","dependsOn":[],"userProperties":[],"typeProperties":{"on":{"value":"@item().source_name","type":"Expression"},"cases":[{"value":"Oracle","activities":[{"name":"Execute Pipeline1","type":"ExecutePipeline","dependsOn":[],"userProperties":[],"typeProperties":{"pipeline":{"referenceName":"pl_create_table_oracle","type":"PipelineReference"},"waitOnCompletion":true,"parameters":{}}}]},{"value":"Teradata"}]}}]}}],"policy":{"elapsedTimeMetric":{},"cancelAfter":{}},"parameters":{"ctbl_schema":{"type":"string"},"ctbl_name":{"type":"string"}},"folder":{"name":"Ingestion patterns/other pipelines"},"annotations":[]},"dependsOn":["[concat(variables('factoryId'), '/datasets/ds_synapse_any_table')]","[concat(variables('factoryId'), '/pipelines/pl_create_table_oracle')]"]},{"name":"[concat(parameters('factoryName'), '/ds_synapse_any_table')]","type":"Microsoft.DataFactory/factories/datasets","apiVersion":"2018-06-01","properties":{"linkedServiceName":{"referenceName":"[parameters('ls_asaw900_mi')]","type":"LinkedServiceReference"},"parameters":{"ds_schema":{"type":"string"},"ds_tablename":{"type":"string"}},"folder":{"name":"ingestion pattern datasets"},"annotations":[],"type":"AzureSqlDWTable","schema":[],"typeProperties":{"schema":{"value":"@dataset().ds_schema","type":"Expression"},"table":{"value":"@dataset().ds_tablename","type":"Expression"}}},"dependsOn":[]},{"name":"[concat(parameters('factoryName'), '/pl_create_table_oracle')]","type":"Microsoft.DataFactory/factories/pipelines","apiVersion":"2018-06-01","properties":{"activities":[{"name":"Lookup1","description":"","type":"Lookup","dependsOn":[],"policy":{"timeout":"7.00:00:00","retry":0,"retryIntervalInSeconds":30,"secureOutput":false,"secureInput":false},"userProperties":[],"typeProperties":{"source":{"type":"OracleSource","oracleReaderQuery":{"value":"@concat('SELECT OWNER,TABLE_NAME,COLUMN_NAME,DATA_TYPE,\tDATA_TYPE_MOD,\tDATA_TYPE_OWNER,\tDATA_LENGTH\t,DATA_PRECISION,\tDATA_SCALE,\tNULLABLE,CHAR_USED\t FROM  SYS.ALL_TAB_COLUMNS WHERE OWNER = ''',pipeline().parameters.schemaname,''' AND TABLE_NAME=''',pipeline().parameters.tablename,'''')","type":"Expression"},"partitionOption":"None","queryTimeout":"02:00:00"},"dataset":{"referenceName":"ds_oracle_any_table1","type":"DatasetReference","parameters":{"ds_schema":"sys","ds_table":"all_tab_columns"}},"firstRowOnly":false}},{"name":"ForEach1","type":"ForEach","dependsOn":[{"activity":"Set variable CREATE_TABLE_STR initial value","dependencyConditions":["Succeeded"]}],"userProperties":[],"typeProperties":{"items":{"value":"@activity('Lookup1').output.value","type":"Expression"},"isSequential":true,"activities":[{"name":"Set variable tmp_old with create_table_str","type":"SetVariable","dependsOn":[],"userProperties":[],"typeProperties":{"variableName":"tmp_old","value":{"value":"@variables('CREATE_TABLE_STR')","type":"Expression"}}},{"name":"Set final CREATE_TABLE_STR","type":"SetVariable","dependsOn":[{"activity":"Set variable null_value","dependencyConditions":["Succeeded"]}],"userProperties":[],"typeProperties":{"variableName":"CREATE_TABLE_STR","value":{"value":"@concat(variables('tmp_old'), item().COLUMN_NAME\n, ' ', variables('synapse_data_type'),  variables('null_value'),  ',' , ' ')","type":"Expression"}}},{"name":"Switch DATA_TYPE","type":"Switch","dependsOn":[{"activity":"Set variable tmp_old with create_table_str","dependencyConditions":["Succeeded"]}],"userProperties":[],"typeProperties":{"on":{"value":"@if(equals(item().DATA_TYPE,'TIMESTAMP(6)'),'TIMESTAMP', item().DATA_TYPE)","type":"Expression"},"cases":[{"value":"VARCHAR2","activities":[{"name":"Set variable synapse_data_type VARCHAR","type":"SetVariable","dependsOn":[],"userProperties":[],"typeProperties":{"variableName":"synapse_data_type","value":{"value":"@concat('VARCHAR', '(', item().DATA_LENGTH, ' ) ' )","type":"Expression"}}}]},{"value":"DATE","activities":[{"name":"Set variable synapse_data_type DATE","type":"SetVariable","dependsOn":[],"userProperties":[],"typeProperties":{"variableName":"synapse_data_type","value":"DATETIME2"}}]},{"value":"NUMBER","activities":[{"name":"Set variable synapse_data_type NUMBER","type":"SetVariable","dependsOn":[],"userProperties":[],"typeProperties":{"variableName":"synapse_data_type","value":{"value":"@if(empty(item().DATA_PRECISION), if(greater(item().DATA_LENGTH,10),'BIGINT','INT') ,CONCAT('DECIMAL(',item().DATE_LENGTH,',',item().DATE_PRECISION,')'))","type":"Expression"}}}]},{"value":"TIMESTAMP","activities":[{"name":"Set variable synapse_data_type TIMESTAMP","type":"SetVariable","dependsOn":[],"userProperties":[],"typeProperties":{"variableName":"synapse_data_type","value":"DATETIME2"}}]}]}},{"name":"Set variable null_value","type":"SetVariable","dependsOn":[{"activity":"Switch DATA_TYPE","dependencyConditions":["Succeeded"]}],"userProperties":[],"typeProperties":{"variableName":"null_value","value":{"value":"@if(equals(item().NULLABLE,'Y'),' NULL', ' NOT NULL')","type":"Expression"}}}]}},{"name":"Set variable CREATE_TABLE_STR initial value","type":"SetVariable","dependsOn":[{"activity":"Lookup1","dependencyConditions":["Succeeded"]}],"userProperties":[],"typeProperties":{"variableName":"CREATE_TABLE_STR","value":{"value":"@concat('CREATE TABLE ', pipeline().parameters.schemaname,'.',pipeline().parameters.tablename,' ( ' )","type":"Expression"}}},{"name":"Set variable tmp_old","type":"SetVariable","dependsOn":[{"activity":"ForEach1","dependencyConditions":["Succeeded"]}],"userProperties":[],"typeProperties":{"variableName":"tmp_old","value":{"value":"@variables('CREATE_TABLE_STR')","type":"Expression"}}},{"name":"Remove CREATE_TABLE_STR last few chars","type":"SetVariable","dependsOn":[{"activity":"Set variable tmp_old","dependencyConditions":["Succeeded"]}],"userProperties":[],"typeProperties":{"variableName":"CREATE_TABLE_STR","value":{"value":"@concat(\nsubstring(variables('tmp_old'),0,add(length(variables('tmp_old')),-2)),\n ' ) ')","type":"Expression"}}},{"name":"Copy empty data after creating table","type":"Copy","dependsOn":[{"activity":"Remove CREATE_TABLE_STR last few chars","dependencyConditions":["Succeeded"]}],"policy":{"timeout":"7.00:00:00","retry":0,"retryIntervalInSeconds":30,"secureOutput":false,"secureInput":false},"userProperties":[],"typeProperties":{"source":{"type":"OracleSource","oracleReaderQuery":{"value":"@concat('select * from ', pipeline().parameters.schemaname,'.', pipeline().parameters.tablename, ' where 1 =2 ')","type":"Expression"},"partitionOption":"None","queryTimeout":"02:00:00"},"sink":{"type":"SqlDWSink","preCopyScript":{"value":"@{variables('CREATE_TABLE_STR')}","type":"Expression"},"allowPolyBase":true,"polyBaseSettings":{"rejectValue":0,"rejectType":"value","useTypeDefault":true},"disableMetricsCollection":false},"enableStaging":true,"stagingSettings":{"linkedServiceName":{"referenceName":"[parameters('ls_adls900')]","type":"LinkedServiceReference"},"path":"oracle-demo/locn_dim"}},"inputs":[{"referenceName":"ds_oracle_any_table1","type":"DatasetReference","parameters":{"ds_schema":"dbo","ds_table":"addresses"}}],"outputs":[{"referenceName":"ds_synapse_any_table","type":"DatasetReference","parameters":{"ds_schema":{"value":"@pipeline().parameters.schemaname","type":"Expression"},"ds_tablename":{"value":"@pipeline().parameters.tablename","type":"Expression"}}}]}],"policy":{"elapsedTimeMetric":{},"cancelAfter":{}},"parameters":{"tablename":{"type":"string","defaultValue":"addresses"},"schemaname":{"type":"string","defaultValue":"dbo"}},"variables":{"CREATE_TABLE_STR":{"type":"String"},"tmp_old":{"type":"String"},"synapse_data_type":{"type":"String"},"null_value":{"type":"String"}},"folder":{"name":"Ingestion patterns/other pipelines"},"annotations":[],"lastPublishTime":"2021-09-24T19:38:03Z"},"dependsOn":["[concat(variables('factoryId'), '/datasets/ds_oracle_any_table1')]","[concat(variables('factoryId'), '/datasets/ds_synapse_any_table')]"]},{"name":"[concat(parameters('factoryName'), '/ds_oracle_any_table1')]","type":"Microsoft.DataFactory/factories/datasets","apiVersion":"2018-06-01","properties":{"linkedServiceName":{"referenceName":"[parameters('ls_Oracle_source')]","type":"LinkedServiceReference"},"parameters":{"ds_schema":{"type":"string"},"ds_table":{"type":"string"}},"folder":{"name":"ingestion pattern datasets"},"annotations":[],"type":"OracleTable","schema":[],"typeProperties":{"schema":{"value":"@dataset().ds_schema","type":"Expression"},"table":{"value":"@dataset().ds_table","type":"Expression"}}},"dependsOn":[]}]}